model,chi2,weighted_mse,aic,bic,complexity,success,message,params,delta_g_positive_fraction,mass_monotonic_fraction,rho_nonnegative_fraction,oscillation_score,mostly_positive_delta_g,mostly_monotonic_mass,mostly_nonnegative_density,pathological_oscillations,scenario
Sparse nonnegative mixture,103.48676953205924,0.5749264974003291,-95.63235385350893,-89.2464401517285,2,True,greedy NNLS basis selection,"{""terms"": ""MOND residual a0=2200; NFW shape rs=12""}",1.0,1.0,1.0,0.0,True,True,True,False,mixed_nfw_mond
NFW-like halo,109.98562283868091,0.6110312379926717,-84.66929511917223,-78.28338141739181,2,True,ok,"{""mass_scale"": 30.786280969902787, ""r_s"": 15.95042285852726}",1.0,1.0,1.0,0.0,True,True,True,False,mixed_nfw_mond
MOND-like relation,551.7915514944461,3.0655086194135897,203.6384299936431,206.83138684453328,1,True,ok,"{""a0"": 2301.6491294046045}",1.0,1.0,1.0,0.0056179775280898875,True,True,True,False,mixed_nfw_mond
Cored/isothermal halo,1721.4366570045377,9.563536983358542,410.4323744759195,416.8182881776999,2,True,ok,"{""v0"": 130.6443428001366, ""r_c"": 4.435806645184747}",1.0,1.0,0.9944444444444445,0.0056179775280898875,True,True,True,False,mixed_nfw_mond
Soliton/cored scalar,41247.614839437345,229.1534157746519,982.1905090827898,988.5764227845702,2,True,ok,"{""rho0"": 0.006669625465676975, ""r_c"": 11.99999999999947}",1.0,1.0,0.9944444444444445,0.011235955056179775,True,True,True,False,mixed_nfw_mond
