basis,normalized_weight,contribution_rms
MOND residual a0=2200,1066.6280165984692,629.8912751436461
NFW shape rs=12,1388.0496706769848,595.6918805280933
