component,rmse_delta_g,relative_rmse_delta_g,corr_delta_g,delta_g_positive_fraction,mass_monotonic_fraction,rho_nonnegative_fraction,oscillation_score,mostly_positive_delta_g,mostly_monotonic_mass,mostly_nonnegative_density,pathological_oscillations
nfw_like,45.48154381559571,0.0331572138056662,0.9978711853879453,1.0,0.7206703910614525,0.9944444444444445,0.7191011235955056,True,False,True,True
cored_isothermal,51.22712368047776,0.04942591807134293,0.9936549975061377,0.9944444444444445,0.7430167597765364,0.9833333333333333,0.7415730337078652,True,False,True,True
mond_like,55.41448231944463,0.09027031164555296,0.9600812336210494,1.0,0.7374301675977654,0.9888888888888889,0.7303370786516854,True,False,True,True
soliton_cored,125.24270914010012,0.014992390329258299,0.9998719013136592,1.0,0.5586592178770949,0.5666666666666667,0.7078651685393258,True,False,False,True
mixed_nfw_mond,40.340017052228575,0.032935365253821194,0.9970852513161355,1.0,0.776536312849162,1.0,0.7471910112359551,True,False,True,True
