family,count,best_total_score,best_rotation_mse,best_lensing_mse,best_eta_mode,best_params,best_flatness_metric,best_weak_field_max
log_warp,5040,4.785224832521035,2.076340432564446,0.11803692442428602,no_slip,"{""A"": 54914.28571428571, ""r0"": 13.407151859613021}",0.011720197407664728,1.3903765626550855e-06
exponential_saturating_warp,640,5.61351788947509,1.9764481120688864,0.3727427006013949,no_slip,"{""A"": 106666.66666666666, ""r0"": 35.495517795972724}",0.004001866546056463,1.351659358406494e-06
rational_saturating_warp,2560,6.067028668523773,1.0533806871958835,0.2697903378666464,constant_low,"{""A"": 140000.0, ""r0"": 28.0, ""n"": 1.0}",0.014930774557185984,1.4591821127893437e-06
power_law_warp,6300,11.664113631468059,6.27616724705951,0.32027953514607205,no_slip,"{""A"": 43235.29411764706, ""r0"": 15.0, ""alpha"": 0.6}",0.033997455790636254,1.3799081596914986e-06
radial_basis_warp,5,60.65872597193856,0.7382768485678554,0.1749924141221643,no_slip,"{""terms"": 7, ""basis"": ""cumulative_gaussian"", ""width"": 5.0}",0.030034848126766843,1.3611140501283186e-06
gaussian_bump_warp,1680,433.2461517403973,71.26168476972961,3.1297052227049456,constant_high,"{""A"": -70000.0, ""r_c"": 4.0, ""sigma"": 11.0}",0.3061860820949378,1.2917346739565905e-06
